{
  "model_type": "linear_pairwise_reranker_v3",
  "feature_names": [
    "cosine",
    "base_score",
    "stage2_norm",
    "rank_inv",
    "is_external",
    "domain_match",
    "len_ratio",
    "digits_overlap",
    "pn_overlap",
    "section_match",
    "digit_ratio_proximity",
    "bracket_ratio_proximity",
    "unknown_ratio_proximity",
    "repeat_trigram_proximity",
    "marker_density_proximity"
  ],
  "weights": [
    0.04134746643668259,
    0.3219175596646727,
    -0.3579636749168912,
    0.033588502481299354,
    -0.22991005334846745,
    -0.029548876859058607,
    0.43897494639348006,
    -0.02887792752204333,
    0.07191748246146441,
    -0.10305484833159338,
    -0.16893758999313443,
    -0.22431615125750282,
    -0.02227472656131145,
    0.13038549052244996,
    -0.0545469661938294,
    -0.4357739473760945,
    0.33410819353876803,
    1.499923432705111,
    0.03358856462905892,
    -0.22991005334846745,
    0.19883563477210828,
    -0.4779791706959009,
    0.20149784798628903,
    0.024529324773583515,
    0.25759727144018,
    0.38192021506515544,
    0.3839339524929137,
    0.09794139841427343,
    -0.18804659808255778,
    0.17947571142778368,
    0.04134745886676886,
    0.3219175833886119,
    -0.35796378829913533,
    0.03358853999754016,
    -0.22991005334846745,
    -0.02954887685905867,
    0.4389749996460587,
    -0.028877945284339228,
    0.07191746991596629,
    -0.10305484833159335,
    -0.16893759381486173,
    -0.2243161592212068,
    -0.022274717404000412,
    0.13038551548001,
    -0.054546924000225296
  ],
  "intercept": -2.5318077464522816e-11,
  "feature_transform": "raw_z_rel_to_top_base",
  "gate_prob_margin": 0.02,
  "gate_base_score_drop": 0.03,
  "gate_min_pred_delta": 0.0,
  "delta_calibration_slope": 18.99051466538338,
  "delta_calibration_intercept": 0.18017962713900446,
  "gate_numeric_digit_overlap_tol": 0.0,
  "seed": 42,
  "optimize_target": "combined",
  "train_queries": 1080,
  "hard_query_count": 989,
  "kept_easy_count": 91,
  "train_rows": 1249,
  "train_examples": 367632,
  "positive_rate": 0.5,
  "sample_weight_mean": 1.9162205457687378,
  "sample_weight_max": 2.0,
  "pairwise_min_delta": 0.05,
  "pairwise_top_winners": 4,
  "pairwise_bottom_losers": 6,
  "hard_gap_threshold": 0.02,
  "hard_top_cos_threshold": 0.52,
  "hard_close_band": 0.03,
  "hard_close_min": 3,
  "hard_query_weight": 2.0,
  "easy_keep_prob": 0.35,
  "logistic_c": 0.25,
  "augmented_feature_dim": 45,
  "input_feature_names": [
    "cosine",
    "base_score",
    "stage2_norm",
    "rank_inv",
    "is_external",
    "domain_match",
    "len_ratio",
    "digits_overlap",
    "pn_overlap",
    "section_match",
    "digit_ratio_proximity",
    "bracket_ratio_proximity",
    "unknown_ratio_proximity",
    "repeat_trigram_proximity",
    "marker_density_proximity"
  ],
  "source_train_jsonl": "C:\\MIM_pulz\\artifacts\\analysis\\routed_candidates_seed43_pairwise_combined\\train_candidates.jsonl",
  "source_val_jsonl": "C:\\MIM_pulz\\artifacts\\analysis\\routed_candidates_seed43_pairwise_combined\\val_candidates.jsonl"
}