{
  "model_type": "linear_pairwise_reranker_v3",
  "feature_names": [
    "cosine",
    "base_score",
    "stage2_norm",
    "rank_inv",
    "is_external",
    "domain_match",
    "len_ratio",
    "digits_overlap",
    "pn_overlap",
    "section_match",
    "digit_ratio_proximity",
    "bracket_ratio_proximity",
    "unknown_ratio_proximity",
    "repeat_trigram_proximity",
    "marker_density_proximity"
  ],
  "weights": [
    -0.02671997431736379,
    0.25202196228994694,
    -0.150988279392369,
    0.03586131494387068,
    -0.25455662444987653,
    0.05588741212833008,
    0.3708842209719262,
    0.04918984743351157,
    0.05025215897004317,
    -0.058032510662778536,
    -0.11322180541075332,
    -0.15623516009709743,
    -0.031689783329054255,
    0.08767089490681164,
    0.0727072990148769,
    -0.4166683901304424,
    0.4657911618703945,
    1.1129802529277986,
    0.03586114881132772,
    -0.25455662444987653,
    0.029757762035424892,
    -0.3599167237722981,
    -0.07538093610508503,
    0.016984734436590952,
    0.15779896263309626,
    0.22192196202682382,
    0.19033708600126342,
    0.10157673669533947,
    -0.09909065165805084,
    -0.0465040698626021,
    -0.026719974984339204,
    0.2520219819542793,
    -0.1509882902918732,
    0.03586134211408661,
    -0.2545566244498765,
    0.05588741212833008,
    0.37088423085920924,
    0.0491898513363533,
    0.05025217805452842,
    -0.05803251066277856,
    -0.11322173093693098,
    -0.1562352284184789,
    -0.03168976507548346,
    0.08767092892371704,
    0.07270730264404385
  ],
  "intercept": 2.6371997998325165e-09,
  "feature_transform": "raw_z_rel_to_top_base",
  "gate_prob_margin": 0.0,
  "gate_base_score_drop": -1.0,
  "gate_min_pred_delta": 0.0,
  "delta_calibration_slope": 5.5746527004562845,
  "delta_calibration_intercept": -0.40311450916562813,
  "gate_numeric_digit_overlap_tol": 0.0,
  "seed": 42,
  "optimize_target": "combined",
  "train_queries": 1079,
  "hard_query_count": 985,
  "kept_easy_count": 94,
  "train_rows": 1249,
  "train_examples": 367394,
  "positive_rate": 0.5,
  "sample_weight_mean": 1.913466215133667,
  "sample_weight_max": 2.0,
  "pairwise_min_delta": 0.05,
  "pairwise_top_winners": 4,
  "pairwise_bottom_losers": 6,
  "hard_gap_threshold": 0.02,
  "hard_top_cos_threshold": 0.52,
  "hard_close_band": 0.03,
  "hard_close_min": 3,
  "hard_query_weight": 2.0,
  "easy_keep_prob": 0.35,
  "logistic_c": 0.25,
  "augmented_feature_dim": 45,
  "input_feature_names": [
    "cosine",
    "base_score",
    "stage2_norm",
    "rank_inv",
    "is_external",
    "domain_match",
    "len_ratio",
    "digits_overlap",
    "pn_overlap",
    "section_match",
    "digit_ratio_proximity",
    "bracket_ratio_proximity",
    "unknown_ratio_proximity",
    "repeat_trigram_proximity",
    "marker_density_proximity"
  ],
  "source_train_jsonl": "C:\\MIM_pulz\\artifacts\\analysis\\routed_candidates_seed44_pairwise_combined\\train_candidates.jsonl",
  "source_val_jsonl": "C:\\MIM_pulz\\artifacts\\analysis\\routed_candidates_seed44_pairwise_combined\\val_candidates.jsonl"
}