{
  "seed": 42,
  "val_frac": 0.2,
  "train_rows": 1249,
  "val_rows": 312,
  "baseline_chrF2": 36.93631463254839,
  "lora_chrF2": 1.1235747462468444,
  "delta_chrF2": -35.81273988630154,
  "spam_rate": 0.358974358974359,
  "spam_count": 112,
  "total_preds": 312,
  "gate_pass": false,
  "gate_reason": "delta -35.8127 < required 0.1000; spam_rate 0.359 > threshold 0.350",
  "min_delta_over_baseline": 0.1,
  "spam_threshold": 0.35,
  "adapter_dir": "artifacts\\runs\\lora_mt5_small_safe_20260223_122757_nogit\\adapter"
}